depth_m,force_n,physx_touch
-0.030000,0.000000,0
-0.030000,0.000000,0
-0.030000,0.000000,0
-0.030000,0.000000,0
-0.030000,0.000000,0
-0.030000,0.000000,0
-0.030000,0.000000,0
-0.030000,0.000000,0
-0.030000,0.000000,0
-0.030000,0.000000,0
-0.030000,0.000000,0
-0.030000,0.000000,0
-0.030000,0.000000,0
-0.030000,0.000000,0
-0.030000,0.000000,0
-0.030000,0.000000,0
-0.030000,0.000000,0
-0.030000,0.000000,0
-0.030000,0.000000,0
-0.030000,0.000000,0
-0.030000,0.000000,0
-0.030000,0.000000,0
-0.030000,0.000000,0
-0.030000,0.000000,0
-0.030000,0.000000,0
-0.030000,0.000000,0
-0.030000,0.000000,0
-0.030000,0.000000,0
-0.030000,0.000000,0
-0.030000,0.000000,0
-0.030000,0.000000,0
-0.030000,0.000000,0
-0.030000,0.000000,0
-0.030000,0.000000,0
-0.030000,0.000000,0
-0.030000,0.000000,0
-0.030000,0.000000,0
-0.030000,0.000000,0
-0.030000,0.000000,0
-0.030000,0.000000,0
-0.010000,0.000000,0
-0.010000,0.000000,0
-0.010000,0.000000,0
-0.010000,0.000000,0
-0.010000,0.000000,0
-0.010000,0.000000,0
-0.010000,0.000000,0
-0.010000,0.000000,0
-0.010000,0.000000,0
-0.010000,0.000000,0
-0.010000,0.000000,0
-0.010000,0.000000,0
-0.010000,0.000000,0
-0.010000,0.000000,0
-0.010000,0.000000,0
-0.010000,0.000000,0
-0.010000,0.000000,0
-0.010000,0.000000,0
-0.010000,0.000000,0
-0.010000,0.000000,0
-0.010000,0.000000,0
-0.010000,0.000000,0
-0.010000,0.000000,0
-0.010000,0.000000,0
-0.010000,0.000000,0
-0.010000,0.000000,0
-0.010000,0.000000,0
-0.010000,0.000000,0
-0.010000,0.000000,0
-0.010000,0.000000,0
-0.010000,0.000000,0
-0.010000,0.000000,0
-0.010000,0.000000,0
-0.010000,0.000000,0
-0.010000,0.000000,0
-0.010000,0.000000,0
-0.010000,0.000000,0
-0.010000,0.000000,0
-0.010000,0.000000,0
-0.010000,0.000000,0
-0.002000,0.000000,0
-0.002000,0.000000,0
-0.002000,0.000000,0
-0.002000,0.000000,0
-0.002000,0.000000,0
-0.002000,0.000000,0
-0.002000,0.000000,0
-0.002000,0.000000,0
-0.002000,0.000000,0
-0.002000,0.000000,0
-0.002000,0.000000,0
-0.002000,0.000000,0
-0.002000,0.000000,0
-0.002000,0.000000,0
-0.002000,0.000000,0
-0.002000,0.000000,0
-0.002000,0.000000,0
-0.002000,0.000000,0
-0.002000,0.000000,0
-0.002000,0.000000,0
-0.002000,0.000000,0
-0.002000,0.000000,0
-0.002000,0.000000,0
-0.002000,0.000000,0
-0.002000,0.000000,0
-0.002000,0.000000,0
-0.002000,0.000000,0
-0.002000,0.000000,0
-0.002000,0.000000,0
-0.002000,0.000000,0
-0.002000,0.000000,0
-0.002000,0.000000,0
-0.002000,0.000000,0
-0.002000,0.000000,0
-0.002000,0.000000,0
-0.002000,0.000000,0
-0.002000,0.000000,0
-0.002000,0.000000,0
-0.002000,0.000000,0
-0.002000,0.000000,0
0.000000,58.067264,1
0.000000,59.887156,1
0.000000,57.372441,1
0.000000,60.541302,1
0.000000,57.704810,1
0.000000,60.194473,1
0.000000,57.796925,1
0.000000,60.117811,1
0.000000,57.235947,1
0.000000,60.544915,1
0.000000,57.830598,1
0.000000,60.071577,1
0.000000,58.216005,1
0.000000,59.761309,1
0.000000,57.278746,1
0.000000,60.556668,1
0.000000,57.578290,1
0.000000,60.268725,1
0.000000,57.921675,1
0.000000,59.934276,1
0.000000,57.758930,1
0.000000,60.093259,1
0.000000,57.686416,1
0.000000,60.307011,1
0.000000,57.659555,1
0.000000,60.219702,1
0.000000,57.661409,1
0.000000,60.237625,1
0.000000,57.443854,1
0.000000,60.458205,1
0.000000,57.661316,1
0.000000,60.099403,1
0.000000,58.320005,1
0.000000,59.741341,1
0.000000,57.696038,1
0.000000,60.165748,1
0.000000,57.096097,1
0.000000,60.752453,1
0.000000,58.084548,1
0.000000,59.836947,1
0.000500,37.787071,1
0.000500,37.903761,1
0.000500,37.708869,1
0.000500,37.920222,1
0.000500,37.748193,1
0.000500,37.976992,1
0.000500,37.734736,1
0.000500,37.882755,1
0.000500,37.721032,1
0.000500,37.989947,1
0.000500,37.697305,1
0.000500,37.913527,1
0.000500,37.703434,1
0.000500,37.978913,1
0.000500,37.776624,1
0.000500,37.840968,1
0.000500,37.779818,1
0.000500,37.875253,1
0.000500,37.822797,1
0.000500,37.869138,1
0.000500,37.723357,1
0.000500,37.938494,1
0.000500,37.774272,1
0.000500,37.870077,1
0.000500,37.731908,1
0.000500,37.981987,1
0.000500,37.710956,1
0.000500,37.904484,1
0.000500,37.716550,1
0.000500,37.955687,1
0.000500,37.746716,1
0.000500,37.907693,1
0.000500,37.762066,1
0.000500,37.900885,1
0.000500,37.742957,1
0.000500,37.891273,1
0.000500,37.753368,1
0.000500,37.914041,1
0.000500,37.639096,1
0.000500,38.031701,1
0.001000,98.670651,1
0.001000,70.653139,1
0.001000,98.711370,1
0.001000,70.524714,1
0.001000,98.765142,1
0.001000,70.530150,1
0.001000,98.659020,1
0.001000,70.491900,1
0.001000,98.996598,1
0.001000,70.553486,1
0.001000,98.395253,1
0.001000,70.811711,1
0.001000,98.437847,1
0.001000,70.905516,1
0.001000,98.420239,1
0.001000,70.753401,1
0.001000,98.504742,1
0.001000,70.736159,1
0.001000,98.490086,1
0.001000,70.846703,1
0.001000,98.382390,1
0.001000,70.839550,1
0.001000,98.497948,1
0.001000,70.765999,1
0.001000,98.562955,1
0.001000,70.766554,1
0.001000,98.675214,1
0.001000,70.610716,1
0.001000,98.433659,1
0.001000,70.663820,1
0.001000,98.478069,1
0.001000,70.645163,1
0.001000,98.767689,1
0.001000,70.795918,1
0.001000,98.442376,1
0.001000,70.835951,1
0.001000,98.412415,1
0.001000,70.699951,1
0.001000,98.530224,1
0.001000,70.795355,1
0.002000,96.543142,1
0.002000,108.029459,1
0.002000,96.343693,1
0.002000,108.397764,1
0.002000,96.402792,1
0.002000,108.246276,1
0.002000,96.543150,1
0.002000,108.183304,1
0.002000,96.581432,1
0.002000,108.378183,1
0.002000,96.368144,1
0.002000,108.284330,1
0.002000,96.220374,1
0.002000,108.522011,1
0.002000,96.230096,1
0.002000,108.381594,1
0.002000,96.036198,1
0.002000,108.642358,1
0.002000,96.264737,1
0.002000,108.299684,1
0.002000,96.323320,1
0.002000,108.658938,1
0.002000,96.254523,1
0.002000,108.456110,1
0.002000,96.468112,1
0.002000,107.962356,1
0.002000,96.572460,1
0.002000,108.222871,1
0.002000,96.666860,1
0.002000,107.995757,1
0.002000,96.526048,1
0.002000,108.356066,1
0.002000,96.578826,1
0.002000,107.992504,1
0.002000,96.651958,1
0.002000,108.181420,1
0.002000,96.447247,1
0.002000,108.196429,1
0.002000,96.635379,1
0.002000,107.737671,1
0.003000,133.902598,1
0.003000,140.241490,1
0.003000,133.415386,1
0.003000,140.900040,1
0.003000,133.538502,1
0.003000,141.121583,1
0.003000,134.003858,1
0.003000,140.462100,1
0.003000,133.525453,1
0.003000,141.484987,1
0.003000,134.226831,1
0.003000,140.040402,1
0.003000,133.486185,1
0.003000,140.616817,1
0.003000,133.201548,1
0.003000,141.188030,1
0.003000,133.627618,1
0.003000,140.959883,1
0.003000,133.815446,1
0.003000,140.599547,1
0.003000,133.789100,1
0.003000,140.928393,1
0.003000,133.999493,1
0.003000,140.272135,1
0.003000,133.587998,1
0.003000,140.565283,1
0.003000,133.234578,1
0.003000,141.205434,1
0.003000,133.516736,1
0.003000,140.993590,1
0.003000,133.844466,1
0.003000,140.960050,1
0.003000,134.158892,1
0.003000,140.051894,1
0.003000,133.472090,1
0.003000,140.806745,1
0.003000,133.089480,1
0.003000,141.472993,1
0.003000,133.980143,1
0.003000,140.610468,1
0.004000,183.483762,1
0.004000,120.821505,1
0.004000,154.858723,1
0.004000,189.356056,1
0.004000,136.090756,1
0.004000,170.680973,1
0.004000,121.568362,1
0.004000,196.642410,1
0.004000,124.831446,1
0.004000,161.933900,1
0.004000,131.893830,1
0.004000,176.334838,1
0.004000,133.341869,1
0.004000,171.261317,1
0.004000,182.942729,1
0.004000,140.873374,1
0.004000,159.281203,1
0.004000,168.337034,1
0.004000,127.311202,1
0.004000,170.760743,1
0.004000,125.229581,1
0.004000,161.893304,1
0.004000,182.812483,1
0.004000,152.469253,1
0.004000,138.407661,1
0.004000,178.916745,1
0.004000,130.287991,1
0.004000,165.207283,1
0.004000,127.667411,1
0.004000,188.461523,1
0.004000,121.138413,1
0.004000,153.929005,1
0.004000,192.151842,1
0.004000,130.600628,1
0.004000,165.899339,1
0.004000,128.015153,1
0.004000,175.653103,1
0.004000,132.291437,1
0.004000,169.787525,1
0.004000,185.430611,1
0.006000,249.362303,1
0.006000,161.274678,1
0.006000,205.093571,1
0.006000,271.440417,1
0.006000,219.018317,1
0.006000,218.554934,1
0.006000,216.230662,1
0.006000,216.364647,1
0.006000,208.768395,1
0.006000,199.430931,1
0.006000,226.973171,1
0.006000,183.633427,1
0.006000,250.571766,1
0.006000,216.208033,1
0.006000,216.754718,1
0.006000,158.073762,1
0.006000,259.873174,1
0.006000,173.777346,1
0.006000,255.117457,1
0.006000,156.105683,1
0.006000,258.193459,1
0.006000,160.012194,1
0.006000,268.620860,1
0.006000,160.188974,1
0.006000,218.177529,1
0.006000,234.594678,1
0.006000,201.427316,1
0.006000,225.938194,1
0.006000,203.470786,1
0.006000,242.634644,1
0.006000,203.875830,1
0.006000,163.098850,1
0.006000,224.182299,1
0.006000,223.737675,1
0.006000,227.525694,1
0.006000,226.203583,1
0.006000,210.789036,1
0.006000,158.906342,1
0.006000,213.340146,1
0.006000,257.593089,1
0.008000,226.987347,1
0.008000,300.789057,1
0.008000,185.437578,1
0.008000,243.728534,1
0.008000,305.656304,1
0.008000,246.615900,1
0.008000,219.693256,1
0.008000,297.993484,1
0.008000,220.360256,1
0.008000,302.812288,1
0.008000,198.300993,1
0.008000,302.112403,1
0.008000,204.864722,1
0.008000,305.992100,1
0.008000,198.686048,1
0.008000,252.067556,1
0.008000,303.699943,1
0.008000,194.936809,1
0.008000,306.947491,1
0.008000,191.882168,1
0.008000,304.327563,1
0.008000,185.274899,1
0.008000,272.594979,1
0.008000,274.270495,1
0.008000,276.734423,1
0.008000,280.275317,1
0.008000,259.263378,1
0.008000,292.511772,1
0.008000,201.070422,1
0.008000,272.383816,1
0.008000,296.590346,1
0.008000,215.564415,1
0.008000,303.022719,1
0.008000,212.020761,1
0.008000,307.374078,1
0.008000,208.448011,1
0.008000,301.107827,1
0.008000,211.824841,1
0.008000,303.392865,1
0.008000,183.308726,1
0.010000,259.839141,1
0.010000,298.892941,1
0.010000,241.263884,1
0.010000,273.732562,1
0.010000,310.967617,1
0.010000,214.556041,1
0.010000,312.607961,1
0.010000,228.358705,1
0.010000,296.503840,1
0.010000,292.710990,1
0.010000,240.182060,1
0.010000,302.221836,1
0.010000,269.376071,1
0.010000,292.609409,1
0.010000,255.789437,1
0.010000,301.785140,1
0.010000,283.580906,1
0.010000,234.876998,1
0.010000,298.223004,1
0.010000,295.877677,1
0.010000,230.906731,1
0.010000,300.598254,1
0.010000,274.618233,1
0.010000,300.972947,1
0.010000,237.669455,1
0.010000,310.545086,1
0.010000,224.688456,1
0.010000,310.079899,1
0.010000,202.554535,1
0.010000,312.887762,1
0.010000,237.501225,1
0.010000,313.745086,1
0.010000,269.929444,1
0.010000,289.107296,1
0.010000,234.258379,1
0.010000,313.716296,1
0.010000,222.419511,1
0.010000,315.189355,1
0.010000,260.903206,1
0.010000,295.019829,1
0.013000,274.679728,1
0.013000,304.844644,1
0.013000,258.547212,1
0.013000,292.642648,1
0.013000,301.855476,1
0.013000,260.070216,1
0.013000,288.148986,1
0.013000,304.391687,1
0.013000,256.550455,1
0.013000,298.524726,1
0.013000,278.816703,1
0.013000,295.121774,1
0.013000,279.660106,1
0.013000,289.119042,1
0.013000,282.268040,1
0.013000,294.497653,1
0.013000,259.335875,1
0.013000,287.445284,1
0.013000,303.294505,1
0.013000,277.669236,1
0.013000,272.242077,1
0.013000,309.106754,1
0.013000,270.759894,1
0.013000,286.764345,1
0.013000,289.506091,1
0.013000,260.133088,1
0.013000,314.025623,1
0.013000,267.496519,1
0.013000,304.481583,1
0.013000,247.252501,1
0.013000,296.696910,1
0.013000,304.471868,1
0.013000,262.600647,1
0.013000,306.638692,1
0.013000,271.619325,1
0.013000,297.279231,1
0.013000,263.881200,1
0.013000,307.725622,1
0.013000,282.162332,1
0.013000,275.244679,1
0.016000,289.054939,1
0.016000,290.401909,1
0.016000,269.954853,1
0.016000,312.268888,1
0.016000,259.806887,1
0.016000,291.632554,1
0.016000,310.242242,1
0.016000,259.052505,1
0.016000,313.365921,1
0.016000,262.260866,1
0.016000,312.969945,1
0.016000,262.013019,1
0.016000,301.065140,1
0.016000,286.715740,1
0.016000,291.108803,1
0.016000,270.602072,1
0.016000,311.336214,1
0.016000,280.423198,1
0.016000,267.379348,1
0.016000,311.257305,1
0.016000,264.642619,1
0.016000,313.960171,1
0.016000,267.123037,1
0.016000,283.240536,1
0.016000,280.248790,1
0.016000,310.792601,1
0.016000,279.261395,1
0.016000,303.984183,1
0.016000,269.713599,1
0.016000,285.044987,1
0.016000,305.611339,1
0.016000,267.453262,1
0.016000,301.550028,1
0.016000,263.304359,1
0.016000,320.216430,1
0.016000,280.493366,1
0.016000,260.812991,1
0.016000,316.183828,1
0.016000,265.184936,1
0.016000,309.957880,1
