# file	line (comments and strings removed, blanks normalized)	literal (a " prefix: inside a string)	category	why
driver-bytes.adb	Capacity := 1;	1	numerics	smallest buffer capacity before doubling
driver-bytes.adb	Capacity := 2 * Capacity;	2	numerics	geometric growth keeps appends amortized O(1)
driver-conventions.ads	Unchanged_Fraction : constant := 0.01;	0.01	numerics	convergence of iterative estimates (documented in Conventions)
driver-conventions.ads	Z : constant := 3.0;	3.0	statistics	the significance level of the one test (documented in Conventions)
driver-images.adb	(0.299 * Real (Red (I, Column, Row)) + 0.587 * Real (Green (I, Column, Row))	0.299	format	ITU-R BT.601 luma weight of red
driver-images.adb	(0.299 * Real (Red (I, Column, Row)) + 0.587 * Real (Green (I, Column, Row))	0.587	format	ITU-R BT.601 luma weight of green
driver-images.adb	+ 0.114 * Real (Blue (I, Column, Row)));	0.114	format	ITU-R BT.601 luma weight of blue
driver-images.adb	function Blue (I : Image; Column, Row : Natural) return Natural is (Channel (I, Column, Row, 2));	2	structure	blue is the third byte of a pixel
driver-images.adb	function Green (I : Image; Column, Row : Natural) return Natural is (Channel (I, Column, Row, 1));	1	structure	green is the second byte of a pixel
driver-images.adb	return Natural (Data (Data'First + Offset (3 * (Row * I.Width + Column) + Index)));	3	format	three bytes per RGB pixel
driver-images.ads	with Pre => RGB'Length = 3 * Width * Height;	3	format	three bytes per RGB pixel
driver-log.adb	Buffer : String (1 .. 64);	64	format	room for any Real printed in fixed or exponent form
driver-log.adb	IO.Put (Buffer, X, Aft => Digits_After_Point, Exp => 3);	3	format	exponent digits when a value is too large for fixed point
driver-log.adb	function Image (X : Real; Digits_After_Point : Natural := 3) return String is	3	format	default digits printed after the point
driver-log.ads	function Image (X : Real; Digits_After_Point : Natural := 3) return String;	3	format	default digits printed after the point
driver-numerics-dense.adb	Q (K, K) := Q (K, K) + 1.0;	1.0	math	Householder vector normalized to v_k = 1 + x_k / norm
driver-numerics.adb	B : constant Mat3 := (R + Transpose (R)) / 2.0 - C * Identity3;	2.0	math	identity: symmetric part, half-angle or quaternion formula
driver-numerics.adb	Best : Integer := 1;	1	structure	start the search at the first column
driver-numerics.adb	C : constant Real := Real'Max (-1.0, Real'Min (1.0, (Trace - 1.0) / 2.0));	1.0	math	identity: trace formula, clamp to [-1, 1], unit quaternion or inverse square root
driver-numerics.adb	C : constant Real := Real'Max (-1.0, Real'Min (1.0, (Trace - 1.0) / 2.0));	1.0	math	identity: trace formula, clamp to [-1, 1], unit quaternion or inverse square root
driver-numerics.adb	C : constant Real := Real'Max (-1.0, Real'Min (1.0, (Trace - 1.0) / 2.0));	1.0	math	identity: trace formula, clamp to [-1, 1], unit quaternion or inverse square root
driver-numerics.adb	C : constant Real := Real'Max (-1.0, Real'Min (1.0, (Trace - 1.0) / 2.0));	2.0	math	identity: symmetric part, half-angle or quaternion formula
driver-numerics.adb	Eigensystem ((M + Transpose (M)) / 2.0, Values, Vectors);	2.0	math	identity: symmetric part, half-angle or quaternion formula
driver-numerics.adb	Inv_Sqrt (I, I) := 1.0 / Sqrt (Values (I));	1.0	math	identity: trace formula, clamp to [-1, 1], unit quaternion or inverse square root
driver-numerics.adb	S : constant Real := abs W / 2.0;	2.0	math	identity: symmetric part, half-angle or quaternion formula
driver-numerics.adb	S := 2.0 * Sqrt (1.0 + R (1, 1) - R (2, 2) - R (3, 3));	1.0	math	identity: trace formula, clamp to [-1, 1], unit quaternion or inverse square root
driver-numerics.adb	S := 2.0 * Sqrt (1.0 + R (1, 1) - R (2, 2) - R (3, 3));	2.0	math	identity: symmetric part, half-angle or quaternion formula
driver-numerics.adb	S := 2.0 * Sqrt (1.0 + R (2, 2) - R (1, 1) - R (3, 3));	1.0	math	identity: trace formula, clamp to [-1, 1], unit quaternion or inverse square root
driver-numerics.adb	S := 2.0 * Sqrt (1.0 + R (2, 2) - R (1, 1) - R (3, 3));	2.0	math	identity: symmetric part, half-angle or quaternion formula
driver-numerics.adb	S := 2.0 * Sqrt (1.0 + R (3, 3) - R (1, 1) - R (2, 2));	1.0	math	identity: trace formula, clamp to [-1, 1], unit quaternion or inverse square root
driver-numerics.adb	S := 2.0 * Sqrt (1.0 + R (3, 3) - R (1, 1) - R (2, 2));	2.0	math	identity: symmetric part, half-angle or quaternion formula
driver-numerics.adb	S := 2.0 * Sqrt (1.0 + Trace);	1.0	math	identity: trace formula, clamp to [-1, 1], unit quaternion or inverse square root
driver-numerics.adb	S := 2.0 * Sqrt (1.0 + Trace);	2.0	math	identity: symmetric part, half-angle or quaternion formula
driver-numerics.adb	Values : Real_Vector (1 .. 3);	3	structure	three dimensions
driver-numerics.adb	Vectors : Real_Matrix (1 .. 3, 1 .. 3);	3	structure	three dimensions
driver-numerics.adb	Vectors : Real_Matrix (1 .. 3, 1 .. 3);	3	structure	three dimensions
driver-numerics.adb	Y => (R (2, 3) + R (3, 2)) / S, Z => S / 4.0);	4.0	math	Shepperd's quaternion formula
driver-numerics.adb	Y => S / 4.0, Z => (R (2, 3) + R (3, 2)) / S);	4.0	math	Shepperd's quaternion formula
driver-numerics.adb	[2.0 * (X * Y + W * Z), 1.0 - 2.0 * (X * X + Z * Z), 2.0 * (Y * Z - W * X)],	2.0	math	identity: symmetric part, half-angle or quaternion formula
driver-numerics.adb	[2.0 * (X * Y + W * Z), 1.0 - 2.0 * (X * X + Z * Z), 2.0 * (Y * Z - W * X)],	2.0	math	identity: symmetric part, half-angle or quaternion formula
driver-numerics.adb	[2.0 * (X * Y + W * Z), 1.0 - 2.0 * (X * X + Z * Z), 2.0 * (Y * Z - W * X)],	2.0	math	identity: symmetric part, half-angle or quaternion formula
driver-numerics.adb	[2.0 * (X * Z - W * Y), 2.0 * (Y * Z + W * X), 1.0 - 2.0 * (X * X + Y * Y)]];	2.0	math	identity: symmetric part, half-angle or quaternion formula
driver-numerics.adb	[2.0 * (X * Z - W * Y), 2.0 * (Y * Z + W * X), 1.0 - 2.0 * (X * X + Y * Y)]];	2.0	math	identity: symmetric part, half-angle or quaternion formula
driver-numerics.adb	[2.0 * (X * Z - W * Y), 2.0 * (Y * Z + W * X), 1.0 - 2.0 * (X * X + Y * Y)]];	2.0	math	identity: symmetric part, half-angle or quaternion formula
driver-numerics.adb	[[1.0 - 2.0 * (Y * Y + Z * Z), 2.0 * (X * Y - W * Z), 2.0 * (X * Z + W * Y)],	2.0	math	identity: symmetric part, half-angle or quaternion formula
driver-numerics.adb	[[1.0 - 2.0 * (Y * Y + Z * Z), 2.0 * (X * Y - W * Z), 2.0 * (X * Z + W * Y)],	2.0	math	identity: symmetric part, half-angle or quaternion formula
driver-numerics.adb	[[1.0 - 2.0 * (Y * Y + Z * Z), 2.0 * (X * Y - W * Z), 2.0 * (X * Z + W * Y)],	2.0	math	identity: symmetric part, half-angle or quaternion formula
driver-numerics.adb	[for I in 1 .. 3 => [for J in 1 .. 3 => A (I) * B (J)]];	3	structure	three dimensions
driver-numerics.adb	[for I in 1 .. 3 => [for J in 1 .. 3 => A (I) * B (J)]];	3	structure	three dimensions
driver-numerics.adb	for I in 1 .. 3 loop	3	structure	three dimensions
driver-numerics.adb	for I in 2 .. 3 loop	2	structure	remaining columns of a 3 x 3 matrix
driver-numerics.adb	for I in 2 .. 3 loop	3	structure	three dimensions
driver-numerics.adb	if S > 0.0 and then C > -0.5 then	0.5	numerics	beyond 120 degrees the antisymmetric part loses the axis; use the symmetric part
driver-numerics.adb	return (Theta / (2.0 * S)) * W;	2.0	math	identity: symmetric part, half-angle or quaternion formula
driver-numerics.adb	return (W => (R (3, 2) - R (2, 3)) / S, X => S / 4.0,	4.0	math	Shepperd's quaternion formula
driver-numerics.adb	return (W => S / 4.0, X => (R (3, 2) - R (2, 3)) / S,	4.0	math	Shepperd's quaternion formula
driver-numerics.ads	Identity3 : constant Mat3 := [[1.0, 0.0, 0.0], [0.0, 1.0, 0.0], [0.0, 0.0, 1.0]];	1.0	math	unit diagonal of the identity matrix
driver-numerics.ads	Identity3 : constant Mat3 := [[1.0, 0.0, 0.0], [0.0, 1.0, 0.0], [0.0, 0.0, 1.0]];	1.0	math	unit diagonal of the identity matrix
driver-numerics.ads	Identity3 : constant Mat3 := [[1.0, 0.0, 0.0], [0.0, 1.0, 0.0], [0.0, 0.0, 1.0]];	1.0	math	unit diagonal of the identity matrix
driver-numerics.ads	subtype Mat3 is Real_Matrix (1 .. 3, 1 .. 3);	3	structure	three dimensions
driver-numerics.ads	subtype Mat3 is Real_Matrix (1 .. 3, 1 .. 3);	3	structure	three dimensions
driver-numerics.ads	subtype Vec3 is Real_Vector (1 .. 3);	3	structure	three dimensions
driver-stats.adb	Child := 2 * Root;	2	math	heap sort and median index arithmetic
driver-stats.adb	Gaussian_MAD_To_Sigma : constant := 1.482_602_218_505_602;	1.482_602_218_505_602	statistics	1 / Phi^-1 (3/4): MAD to sigma for Gaussian data
driver-stats.adb	Intercept => (Value => A, Sigma => Sqrt (S2 * (1.0 / N + Mean (Mx) ** 2 / Sxx))),	1.0	math	standard error of the intercept, 1/n term
driver-stats.adb	S2 : constant Real := Sse / (N - 2.0);	2.0	statistics	two degrees of freedom used by slope and intercept
driver-stats.adb	Sift (1, Stop - 1);	1	math	heap sort and median index arithmetic
driver-stats.adb	for Start in reverse 1 .. N / 2 loop	2	math	heap sort and median index arithmetic
driver-stats.adb	for Stop in reverse 2 .. N loop	2	math	heap sort and median index arithmetic
driver-stats.adb	if A.N < 2 then	2	statistics	a variance needs two samples
driver-stats.adb	if N mod 2 = 1 then	1	math	heap sort and median index arithmetic
driver-stats.adb	if N mod 2 = 1 then	2	math	heap sort and median index arithmetic
driver-stats.adb	return (S (O + N / 2) + S (O + N / 2 + 1)) / 2.0;	2	math	heap sort and median index arithmetic
driver-stats.adb	return (S (O + N / 2) + S (O + N / 2 + 1)) / 2.0;	2	math	heap sort and median index arithmetic
driver-stats.adb	return (S (O + N / 2) + S (O + N / 2 + 1)) / 2.0;	2.0	math	mean of the two middle values
driver-stats.adb	return (Value => (if A.N = 1 then A.Mean else 0.0), Sigma => Real'Last);	1	statistics	a single sample has a mean but no spread
driver-stats.adb	return S (O + (N + 1) / 2);	2	math	heap sort and median index arithmetic
driver-stats.ads	with Pre => Count (A) > 1;	1	statistics	a variance or a correlation needs two samples
driver-stats.ads	with Pre => X'Length = Y'Length and then X'Length > 1;	1	statistics	a variance or a correlation needs two samples
driver-stats.ads	with Pre => X'Length = Y'Length and then X'Length > 2;	2	statistics	a line fit with a residual spread needs three points
driver-uncertain.adb	for I in 1 .. 3 loop	3	structure	three dimensions
